sample_size,runtime
16,7.32408857345581
64,21.1288020610809
256,22.7804443836212
512,23.0517611503601
