sample_size,runtime
16,11.024927854538
64,22.4744091033936
256,23.1353285312653
512,23.2017426490784
