query_id,runtime,num_jgs
1,221.56255269050598,20
2,705.2946679592133,21
3,226.51002955436707,20
4,122.09441065788269,17
5,214.44886207580566,20
1,215.61903834342957,20
2,692.1724760532379,21
3,228.06682181358337,20
4,122.39543199539185,17
5,215.9854130744934,20
1,219.5490207672119,20
2,655.2507240772247,21
3,223.0806005001068,20
4,122.67082524299622,17
5,210.89701628684998,20
