query_id,runtime,num_jgs
1,232.62019991874695,20
2,674.7223389148712,21
3,237.40373277664185,20
4,116.15960764884949,17
5,226.49166440963745,20
